photo_id	file	spot	label	photographer	photographer_url	pexels_url
23325880	taiwan_taroko_23325880.jpeg	taroko	太魯閣大理石峽谷	Benjamin Olivier Schaeuffele	https://www.pexels.com/zh-tw/@benjamin-olivier-schaeuffele-487831539	https://www.pexels.com/zh-tw/photo/23325880/
17269157	taiwan_taroko_17269157.jpeg	taroko	太魯閣大理石峽谷	Hai-an Chang	https://www.pexels.com/zh-tw/@hai-an-chang-229131003	https://www.pexels.com/zh-tw/photo/17269157/
10033930	taiwan_taroko_10033930.jpeg	taroko	太魯閣大理石峽谷	Timo Volz	https://www.pexels.com/zh-tw/@timo-volz-837240	https://www.pexels.com/zh-tw/photo/10033930/
1311235	taiwan_taroko_1311235.jpeg	taroko	太魯閣大理石峽谷	Ben Cheung	https://www.pexels.com/zh-tw/@ben-cheung-140183	https://www.pexels.com/zh-tw/photo/1311235/
3604066	taiwan_taroko_3604066.jpeg	taroko	太魯閣大理石峽谷	Nhật Đào	https://www.pexels.com/zh-tw/@nh-t-dao-1980824	https://www.pexels.com/zh-tw/photo/3604066/
35084824	taiwan_taroko_35084824.jpeg	taroko	太魯閣大理石峽谷	Daven Hsu	https://www.pexels.com/zh-tw/@daven-hsu-5766928	https://www.pexels.com/zh-tw/photo/35084824/
36849280	taiwan_hehuan_36849280.jpeg	hehuan	合歡山雲海高山草原	慢龜漫步 老龜	https://www.pexels.com/zh-tw/@2147641836	https://www.pexels.com/zh-tw/photo/36849280/
36849281	taiwan_hehuan_36849281.jpeg	hehuan	合歡山雲海高山草原	慢龜漫步 老龜	https://www.pexels.com/zh-tw/@2147641836	https://www.pexels.com/zh-tw/photo/36849281/
10595964	taiwan_hehuan_10595964.jpeg	hehuan	合歡山雲海高山草原	JACKY LIN	https://www.pexels.com/zh-tw/@jacky-lin-1927837	https://www.pexels.com/zh-tw/photo/10595964/
12279809	taiwan_hehuan_12279809.jpeg	hehuan	合歡山雲海高山草原	P Hsuan Wang	https://www.pexels.com/zh-tw/@p-hsuan-wang-5076851	https://www.pexels.com/zh-tw/photo/12279809/
13325489	taiwan_hehuan_13325489.jpeg	hehuan	合歡山雲海高山草原	che YU	https://www.pexels.com/zh-tw/@che-yu-297995520	https://www.pexels.com/zh-tw/photo/13325489/
12279817	taiwan_hehuan_12279817.jpeg	hehuan	合歡山雲海高山草原	P Hsuan Wang	https://www.pexels.com/zh-tw/@p-hsuan-wang-5076851	https://www.pexels.com/zh-tw/photo/12279817/
12279810	taiwan_hehuan_12279810.jpeg	hehuan	合歡山雲海高山草原	P Hsuan Wang	https://www.pexels.com/zh-tw/@p-hsuan-wang-5076851	https://www.pexels.com/zh-tw/photo/12279810/
12279811	taiwan_hehuan_12279811.jpeg	hehuan	合歡山雲海高山草原	P Hsuan Wang	https://www.pexels.com/zh-tw/@p-hsuan-wang-5076851	https://www.pexels.com/zh-tw/photo/12279811/
35707136	taiwan_huadong_35707136.jpeg	huadong	花東縱谷田野	Will Chen	https://www.pexels.com/zh-tw/@will-chen-246349093	https://www.pexels.com/zh-tw/photo/35707136/
35707025	taiwan_huadong_35707025.jpeg	huadong	花東縱谷田野	Will Chen	https://www.pexels.com/zh-tw/@will-chen-246349093	https://www.pexels.com/zh-tw/photo/35707025/
35900113	taiwan_huadong_35900113.jpeg	huadong	花東縱谷田野	Will Chen	https://www.pexels.com/zh-tw/@will-chen-246349093	https://www.pexels.com/zh-tw/photo/35900113/
35706953	taiwan_huadong_35706953.jpeg	huadong	花東縱谷田野	Will Chen	https://www.pexels.com/zh-tw/@will-chen-246349093	https://www.pexels.com/zh-tw/photo/35706953/
15379002	taiwan_huadong_15379002.jpeg	huadong	花東縱谷田野	ZhengXun Lin	https://www.pexels.com/zh-tw/@zhengxun-lin-440739183	https://www.pexels.com/zh-tw/photo/15379002/
33474517	taiwan_huadong_33474517.jpeg	huadong	花東縱谷田野	Worawat Li	https://www.pexels.com/zh-tw/@worawat-li-2154715066	https://www.pexels.com/zh-tw/photo/33474517/
15379010	taiwan_huadong_15379010.jpeg	huadong	花東縱谷田野	ZhengXun Lin	https://www.pexels.com/zh-tw/@zhengxun-lin-440739183	https://www.pexels.com/zh-tw/photo/15379010/
17362159	taiwan_huadong_17362159.jpeg	huadong	花東縱谷田野	Klub Boks	https://www.pexels.com/zh-tw/@klub-boks-1437055	https://www.pexels.com/zh-tw/photo/17362159/
36505847	taiwan_penghu_36505847.jpeg	penghu	澎湖藍灣	一才 樓	https://www.pexels.com/zh-tw/@2154185463	https://www.pexels.com/zh-tw/photo/36505847/
36505803	taiwan_penghu_36505803.jpeg	penghu	澎湖藍灣	一才 樓	https://www.pexels.com/zh-tw/@2154185463	https://www.pexels.com/zh-tw/photo/36505803/
19893405	taiwan_penghu_19893405.jpeg	penghu	澎湖藍灣	佳瑋 劉	https://www.pexels.com/zh-tw/@795059216	https://www.pexels.com/zh-tw/photo/19893405/
12892861	taiwan_penghu_12892861.jpeg	penghu	澎湖藍灣	Kevin L	https://www.pexels.com/zh-tw/@kevin-l-274131206	https://www.pexels.com/zh-tw/photo/12892861/
16223389	taiwan_penghu_16223389.jpeg	penghu	澎湖藍灣	Chou Kelvin	https://www.pexels.com/zh-tw/@chou-kelvin-455908763	https://www.pexels.com/zh-tw/photo/16223389/
36505859	taiwan_penghu_36505859.jpeg	penghu	澎湖藍灣	一才 樓	https://www.pexels.com/zh-tw/@2154185463	https://www.pexels.com/zh-tw/photo/36505859/
36574189	taiwan_daylily_36574189.jpeg	daylily	金針花海	Will Chen	https://www.pexels.com/zh-tw/@will-chen-246349093	https://www.pexels.com/zh-tw/photo/36574189/
39010860	taiwan_daylily_39010860.jpeg	daylily	金針花海	H Clicks	https://www.pexels.com/zh-tw/@h-clicks-2151842035	https://www.pexels.com/zh-tw/photo/39010860/
34255979	taiwan_daylily_34255979.jpeg	daylily	金針花海	Charlene Torres	https://www.pexels.com/zh-tw/@charlene-torres-519760545	https://www.pexels.com/zh-tw/photo/34255979/
3058924	taiwan_daylily_3058924.jpeg	daylily	金針花海	fais	https://www.pexels.com/zh-tw/@fsrna	https://www.pexels.com/zh-tw/photo/3058924/
14025086	taiwan_daylily_14025086.jpeg	daylily	金針花海	Quang Nguyen Vinh	https://www.pexels.com/zh-tw/@quang-nguyen-vinh-222549	https://www.pexels.com/zh-tw/photo/14025086/
8174060	taiwan_daylily_8174060.jpeg	daylily	金針花海	Kerk ikyl Baraquil	https://www.pexels.com/zh-tw/@kerk-ikyl-baraquil-64452324	https://www.pexels.com/zh-tw/photo/8174060/
36574411	taiwan_xitou_36574411.jpeg	xitou	溪頭竹林	Will Chen	https://www.pexels.com/zh-tw/@will-chen-246349093	https://www.pexels.com/zh-tw/photo/36574411/
26730419	taiwan_xitou_26730419.jpeg	xitou	溪頭竹林	Quang Nguyen Vinh	https://www.pexels.com/zh-tw/@quang-nguyen-vinh-222549	https://www.pexels.com/zh-tw/photo/26730419/
26558815	taiwan_xitou_26558815.jpeg	xitou	溪頭竹林	Marek Piwnicki	https://www.pexels.com/zh-tw/@marek-piwnicki-3907296	https://www.pexels.com/zh-tw/photo/26558815/
17924702	taiwan_xitou_17924702.jpeg	xitou	溪頭竹林	Celeo Sun	https://www.pexels.com/zh-tw/@celeo	https://www.pexels.com/zh-tw/photo/17924702/
37515478	taiwan_xitou_37515478.jpeg	xitou	溪頭竹林	Khan ishaan	https://www.pexels.com/zh-tw/@khanishaan	https://www.pexels.com/zh-tw/photo/37515478/
33592498	taiwan_taitung_33592498.jpeg	taitung	台東太平洋日出	Adem KAYA	https://www.pexels.com/zh-tw/@adem-kaya-2154091721	https://www.pexels.com/zh-tw/photo/33592498/
33517560	taiwan_taitung_33517560.jpeg	taitung	台東太平洋日出	Sunny Li	https://www.pexels.com/zh-tw/@sunny-li-2152532581	https://www.pexels.com/zh-tw/photo/33517560/
13325395	taiwan_taitung_13325395.jpeg	taitung	台東太平洋日出	che YU	https://www.pexels.com/zh-tw/@che-yu-297995520	https://www.pexels.com/zh-tw/photo/13325395/
37793974	taiwan_taitung_37793974.jpeg	taitung	台東太平洋日出	Tuấn Vũ	https://www.pexels.com/zh-tw/@tu-n-vu-2153773491	https://www.pexels.com/zh-tw/photo/c-a-tung-37793974/
39036152	taiwan_sunmoon_39036152.jpeg	sunmoon	日月潭	John Marks	https://www.pexels.com/zh-tw/@john-marks-2163580272	https://www.pexels.com/zh-tw/photo/39036152/
13325396	taiwan_sunmoon_13325396.jpeg	sunmoon	日月潭	che YU	https://www.pexels.com/zh-tw/@che-yu-297995520	https://www.pexels.com/zh-tw/photo/13325396/
12892347	taiwan_sunmoon_12892347.jpeg	sunmoon	日月潭	嵐 楓	https://www.pexels.com/zh-tw/@262056625	https://www.pexels.com/zh-tw/photo/12892347/
13325398	taiwan_sunmoon_13325398.jpeg	sunmoon	日月潭	che YU	https://www.pexels.com/zh-tw/@che-yu-297995520	https://www.pexels.com/zh-tw/photo/13325398/
7898777	taiwan_sunmoon_7898777.jpeg	sunmoon	日月潭	영 봄	https://www.pexels.com/zh-tw/@57404068	https://www.pexels.com/zh-tw/photo/7898777/
13325400	taiwan_sunmoon_13325400.jpeg	sunmoon	日月潭	che YU	https://www.pexels.com/zh-tw/@che-yu-297995520	https://www.pexels.com/zh-tw/photo/13325400/
13325108	taiwan_alishan_13325108.jpeg	alishan	阿里山雲海	che YU	https://www.pexels.com/zh-tw/@che-yu-297995520	https://www.pexels.com/zh-tw/photo/13325108/
13325114	taiwan_alishan_13325114.jpeg	alishan	阿里山雲海	che YU	https://www.pexels.com/zh-tw/@che-yu-297995520	https://www.pexels.com/zh-tw/photo/13325114/
18617647	taiwan_alishan_18617647.jpeg	alishan	阿里山雲海	Beyzaa Yurtkuran	https://www.pexels.com/zh-tw/@beyzaa-yurtkuran-279977530	https://www.pexels.com/zh-tw/photo/18617647/
8787041	taiwan_alishan_8787041.jpeg	alishan	阿里山雲海	chih mlng huang	https://www.pexels.com/zh-tw/@chih-mlng-huang-81432666	https://www.pexels.com/zh-tw/photo/8787041/
15016038	taiwan_alishan_15016038.jpeg	alishan	阿里山雲海	Lan Yao	https://www.pexels.com/zh-tw/@lan-yao-324969	https://www.pexels.com/zh-tw/photo/15016038/
19939654	taiwan_kenting_19939654.jpeg	kenting	墾丁海灘	Nelly 🐰	https://www.pexels.com/zh-tw/@nelly-540225225	https://www.pexels.com/zh-tw/photo/19939654/
14182616	taiwan_kenting_14182616.jpeg	kenting	墾丁海灘	Yu-Chen Huang	https://www.pexels.com/zh-tw/@yu-chen-huang-317252191	https://www.pexels.com/zh-tw/photo/14182616/
32011346	taiwan_kenting_32011346.jpeg	kenting	墾丁海灘	Thanh Quy	https://www.pexels.com/zh-tw/@thanh-quy-945918851	https://www.pexels.com/zh-tw/photo/32011346/
30285288	taiwan_kenting_30285288.jpeg	kenting	墾丁海灘	Christopher Politano	https://www.pexels.com/zh-tw/@christopher-politano-978995	https://www.pexels.com/zh-tw/photo/30285288/
27425720	taiwan_kenting_27425720.jpeg	kenting	墾丁海灘	life vibes	https://www.pexels.com/zh-tw/@sinhngn89	https://www.pexels.com/zh-tw/photo/27425720/
26956747	taiwan_kenting_26956747.jpeg	kenting	墾丁海灘	Youssef Elbakbaki	https://www.pexels.com/zh-tw/@youssef-elbakbaki-886616014	https://www.pexels.com/zh-tw/photo/26956747/
32676615	taiwan_kenting_32676615.jpeg	kenting	墾丁海灘	🇻🇳🇻🇳 Việt Anh Nguyễn 🇻🇳🇻🇳	https://www.pexels.com/zh-tw/@vi-t-anh-nguy-n-2150409023	https://www.pexels.com/zh-tw/photo/32676615/
7855251	taiwan_kenting_7855251.jpeg	kenting	墾丁海灘	Timo Volz	https://www.pexels.com/zh-tw/@timo-volz-837240	https://www.pexels.com/zh-tw/photo/7855251/
20621996	taiwan_jiufen_20621996.jpeg	jiufen	九份山城	Sophie Otto	https://www.pexels.com/zh-tw/@sophie-otto-774988927	https://www.pexels.com/zh-tw/photo/20621996/
32228100	taiwan_jiufen_32228100.jpeg	jiufen	九份山城	Kenneth Surillo	https://www.pexels.com/zh-tw/@kenzero14	https://www.pexels.com/zh-tw/photo/32228100/
32228101	taiwan_jiufen_32228101.jpeg	jiufen	九份山城	Kenneth Surillo	https://www.pexels.com/zh-tw/@kenzero14	https://www.pexels.com/zh-tw/photo/32228101/
27823945	taiwan_yangmingshan_27823945.jpeg	yangmingshan	陽明山	JIUN-JE LIN	https://www.pexels.com/zh-tw/@samlin	https://www.pexels.com/zh-tw/photo/27823945/
27823876	taiwan_yangmingshan_27823876.jpeg	yangmingshan	陽明山	JIUN-JE LIN	https://www.pexels.com/zh-tw/@samlin	https://www.pexels.com/zh-tw/photo/27823876/
32514037	taiwan_yangmingshan_32514037.jpeg	yangmingshan	陽明山	Yu Yu	https://www.pexels.com/zh-tw/@yu-yu-1816950	https://www.pexels.com/zh-tw/photo/32514037/
37804525	taiwan_yangmingshan_37804525.jpeg	yangmingshan	陽明山	CX LEE	https://www.pexels.com/zh-tw/@cx-lee-2159373144	https://www.pexels.com/zh-tw/photo/37804525/
